{"player":{"pos":{"x":14.31,"y":2.31},"hp":980,"gold":50150},"enemies":[{"type":"grunt","pos":{"x":5.003304,"y":3.0008469},"hp":50},{"type":"drone","pos":{"x":14.603464,"y":3.0997891},"hp":25},{"type":"drone","pos":{"x":12.391519,"y":4.330454},"hp":25},{"type":"drone","pos":{"x":8.92149,"y":5.9875093},"hp":15}]}