{"playerPosition":{"x":4.171314,"y":1.647851},"playerHealth":970,"playerGold":50,"timestamp":1756904849598}