{"playerPosition":{"x":-0.080470085,"y":0.11499995},"playerHealth":896,"playerGold":50,"timestamp":1757659760683}