{"playerPosition":{"x":9.654889,"y":1.499764},"playerHealth":876,"playerGold":50,"timestamp":1757451647524}