{"playerPosition":{"x":-0.08500585,"y":1.5521216},"playerHealth":771,"playerGold":50,"timestamp":1757054184710}